statistic,sample,rep,Li7,Mg24,Al27,P31,Ca43,Ti49,Y89,La139,Ce140,Pr141,Nd146,Sm147,Eu153,Gd157,Tb159,Dy163,Ho165,Er166,Tm169,Yb172,Lu175,Hf177,Pb206,Th232,U238
H15_mean,117,0,0.0004856583413090179,0.00018415452037981363,0.0006397011052964854,0.010956037316965204,-0.00016583695271426172,1.8260676222368145e-05,0.007370519957146421,6.261263029570336e-08,2.8410980045663306e-06,1.075527739340574e-07,1.5947541510601772e-06,4.7661813587706015e-06,2.0966262505918212e-07,4.259183905064989e-05,2.1435274286552727e-05,0.000313677448577988,0.00013120838420801052,0.0006674519039101234,0.00014677814927503997,0.001376111034332059,0.0002371300549747306,0.012085919467343815,0.00012744421332062136,6.504192790256211e-05,0.00044671285906514214
H15_mean,119,0,0.00046385146195348446,1.3731304896644946e-06,9.965591704410777e-05,0.011448712811880396,-0.00020650700607009796,1.634023681628687e-05,0.007376925032278319,2.2218463092751027e-07,2.33314142868115e-06,2.770576865929266e-07,2.104984217661107e-06,4.626428036404846e-06,2.0583684389839182e-07,3.837016775659384e-05,1.9408241008597778e-05,0.00030021495190958526,0.0001310932711777029,0.0006900703780782495,0.00015150991092274796,0.0013700542755428727,0.00025526836162700277,0.01219913157041706,0.00015159269014268365,5.704135992391347e-05,0.00047791252100398034
H15_mean,120,0,0.0003127605910610609,7.849257931256905e-05,0.0009728657611857498,0.008753543167842897,0.0015157335478960688,9.596184653936003e-05,0.006583449696228349,2.5925617915736365e-06,1.6858692683548012e-05,2.2530189664781262e-06,1.1362366474157834e-05,1.6270077318881944e-05,7.202137012666986e-07,6.286619237123861e-05,2.6131523791856576e-05,0.0003245951345304084,0.00011386292628559529,0.0005480378940609151,0.0001170202812576399,0.0010172064246692343,0.00017818091552390826,0.011321560441401462,9.689213357927619e-05,8.727765115507292e-05,0.0003352854420628225
H15_mean,121,0,0.0003485451341637806,6.352021407495217e-05,0.00047793644664454973,0.008157294430576405,0.0006528697100063588,4.1457810229484924e-05,0.006032090892227892,2.4881394847874065e-06,1.4151525456682818e-05,2.042489488773568e-06,1.0651225674127657e-05,1.222938389835471e-05,7.039714092753396e-07,4.8603958372859176e-05,2.0724253483033944e-05,0.0002818855195207107,0.00010741369865635464,0.0005316842863472002,0.00011620142032663576,0.0010356910396387903,0.00019037113096892017,0.01260336551549466,0.0001028199117329332,6.195771252092355e-05,0.0003817503176666922
H15_mean,126,0,,,,,,,,,,,,,,,,,,,,,,,,,
H15_mean,Temora-5,0,8.711139640801972e-06,5.110993975144657e-08,9.344793379390523e-06,0.0008397857612561557,2.421059167873086e-05,3.277547130804073e-05,0.0021114704501568257,2.3270247096410956e-08,3.948220043872272e-06,2.4205020824407793e-07,2.7961215655029817e-06,4.328531079720444e-06,1.163813600802721e-06,2.0459311143273654e-05,7.036937661546324e-06,8.864857160381759e-05,3.6351543484032204e-05,0.00018543707863591193,3.958638728021439e-05,0.0003727723952364271,7.789982103405969e-05,0.007263404610249752,3.343192765399173e-05,4.907348419952742e-05,0.00010869692209015327
H15_mean,127,0,0.00019388226491752562,3.7190137699792486e-06,9.282365804923875e-05,0.009771945427030476,3.8635178964259846e-05,2.5713816071564392e-05,0.0069553098838262715,5.555269866819045e-09,2.8961306029572962e-06,7.859826276122415e-08,1.2918286900211732e-06,5.222719666893367e-06,2.3941723986760457e-07,4.3643231837770466e-05,2.028297594465149e-05,0.000292318995671815,0.00012164802168081895,0.0006170141124329518,0.00012942579792894358,0.0011326827390990212,0.0002106925626194611,0.011658720775567146,0.00011669687425613958,8.370274016509495e-05,0.0003826875992727472
H15_mean,128,0,0.00011820659390788207,-3.0386917886110615e-07,5.60545166438018e-05,0.006975585204763256,7.023802900376035e-05,2.023127550734169e-05,0.005023801371492584,1.5271111451688393e-08,1.0774300509192321e-05,8.526190824863455e-08,1.237353692779107e-06,3.959644029331183e-06,3.1896545373690445e-07,3.335099492106952e-05,1.4896391172335703e-05,0.00020969244640221924,8.754926456479805e-05,0.00045110895790317565,9.342467583171795e-05,0.0008077391375190264,0.00015461153293227026,0.01089638974760374,0.00010141607513166084,9.202122721738521e-05,0.0003137167475083373
H15_mean,131,0,0.00018478991497352819,1.5890643544570745e-06,8.631884884565282e-05,0.009204237663634656,3.253428105673067e-06,1.7868333777175053e-05,0.006185942336372772,-1.4809613158831733e-09,2.425390922500218e-06,5.672588758373197e-08,8.328424727611531e-07,3.926317369386505e-06,1.508868227605571e-07,3.4126173906020794e-05,1.659426943714249e-05,0.00025460055454963615,0.00010742091604789177,0.0005610476997950233,0.00011840990189779836,0.001039926348193638,0.0001943702988687395,0.011809811838123336,0.00010822179421334416,5.773808456701248e-05,0.00034238151185568956
H15_mean,134,0,0.00024589739673795723,3.4372202220472566e-06,6.430562627311757e-05,0.010060243610367023,7.332702022138897e-05,1.700762920428958e-05,0.006815788922326839,7.131233855356961e-07,6.715191549062641e-06,5.900574362969295e-07,3.2819689265692187e-06,5.460993499223546e-06,3.34138653423498e-07,3.817327128616203e-05,1.838606202033168e-05,0.0002786479421852593,0.0001190615643421245,0.0006147081488458881,0.00012904772977711087,0.0011351109559429192,0.00021563658549344426,0.011544699985670417,0.0001898529075931795,0.00011279390902249206,0.000574305421643831
H15_mean,135,0,0.00016492611090327682,2.1204407385331398e-07,9.27045363611963e-05,0.010312355281344871,0.00011914644336681894,2.0919429781134266e-05,0.00741162284358549,-1.301639625847574e-09,2.6318020410921644e-06,6.713214741528732e-08,1.2864989507478959e-06,5.832995836957473e-06,2.457836703267223e-07,4.914324580765309e-05,2.251076177272646e-05,0.00031764103675932965,0.0001317923013308798,0.0006505477356835551,0.0001330480670674621,0.001150961087469063,0.00021053570919368132,0.011881931224884715,0.00013293900977471193,8.887101491479363e-05,0.00043488337287154967
H15_mean,Temora-6,0,7.700086708317507e-06,-2.3309994106558237e-06,2.7758822475005847e-05,0.0009345614155880506,-0.00023781797009567372,3.739486905700526e-05,0.0026489017478374334,2.9167326239925666e-08,4.438305809556461e-06,2.859055247659229e-07,3.997964270381199e-06,5.788641682890315e-06,1.4754827548349676e-06,2.73107022566047e-05,9.460722698916288e-06,0.00011861915043784748,4.605460815715099e-05,0.00022614626919310106,4.685211919174702e-05,0.0004347851439543019,8.630982631087074e-05,0.0070670029214743866,3.39430460019757e-05,5.805308589086936e-05,0.00011034201397843276
H15_mean,139,0,0.00018309300694534431,1.2276049679214587e-05,0.00010679046724866414,0.007068780195784397,0.0003497891358213924,3.132645230012755e-05,0.004352949172137681,6.277124258608984e-07,3.3454540750055205e-06,4.454135041995883e-07,3.10144025127904e-06,5.294489329357268e-06,3.9195936768858014e-07,3.3911452439548555e-05,1.4050522950033457e-05,0.00019218633040188747,7.77990239373984e-05,0.00039273256264297184,8.357569251437195e-05,0.0007560531275287276,0.00014780557677082672,0.011320694555257482,0.00014177720645389548,6.327905120182703e-05,0.00042645963122823685
H15_mean,140,0,0.00011368264189381607,2.431255212442951e-06,4.969803437289389e-05,0.004702428178498611,-0.00010961271470269078,2.3750747858769823e-05,0.004326955634262866,1.8617683267937856e-08,3.2850311808042217e-06,2.0500505776787232e-07,2.9491477845375262e-06,6.874692261445801e-06,3.83728323466286e-07,4.521917735392288e-05,1.6422563174948075e-05,0.00021103384964103806,7.986156237151763e-05,0.0003785721492971151,7.65872032023997e-05,0.0006588014902568103,0.00012395868189345625,0.010183860674433038,0.000116571889805734,0.00013744493193271516,0.00036440605577512313
H15_mean,141,0,0.0002724782120668704,8.410245830874358e-06,0.00015783706307605902,0.007662330020193403,2.6289386760406015e-05,1.2343145348279004e-05,0.005271528046376152,6.17016196511761e-07,4.426734499003902e-06,7.158459526797503e-07,4.652051834746753e-06,5.9897171775746665e-06,3.5008580129835094e-07,3.743067043570073e-05,1.6226286199711666e-05,0.00023015643383258826,9.388003876270122e-05,0.0004798502619955399,0.00010531366970042328,0.000964455493769834,0.0001806550320465018,0.012520003895737496,0.00017005609219779123,7.67490594805027e-05,0.0005819964384874041
H15_mean,143,0,0.0002071751109609346,0.0020502145276964,0.0023835012943057418,0.006045023416560276,0.0004077751537600192,8.702555061544511e-05,0.004443927830793958,3.4893462833432276e-06,1.8931409500755746e-05,3.714671530456697e-06,2.0653309393236078e-05,1.6621533221623664e-05,1.3809399497437156e-06,5.340839379566066e-05,1.8115746029750304e-05,0.00021234188091721909,7.81679538604663e-05,0.0003769715002602534,7.717279136900695e-05,0.0006780666369351931,0.00012910304293966882,0.011574460975385592,0.00011759496344181492,0.00013330857042236302,0.000427047610218297
H15_mean,144,0,0.00013090108764147722,7.544237470713336e-06,0.0001272339798521885,0.005387938876519752,-9.35446583580123e-05,2.407520378662107e-05,0.003580790017755191,1.0417809537050842e-07,1.6782359883400346e-06,1.3772203079284451e-07,1.9765985394547387e-06,4.434796960883506e-06,1.8557331916888774e-07,3.084458240818922e-05,1.2828055731889566e-05,0.00016749828590857858,6.40381154508969e-05,0.0003181232420049303,6.698947230690739e-05,0.0006025935441931951,0.0001135873324602673,0.011676760909468335,9.299036747838006e-05,6.18579518274044e-05,0.0002978444712704449
H15_mean,146,0,0.00014612611909048224,1.5544036880824108e-05,0.00012163171423345947,0.00483165614685285,-0.00023836247609841722,2.361073058866412e-05,0.003098144237402783,9.591596918064954e-08,2.4932966991852625e-06,2.298929396547724e-07,1.738820152702726e-06,2.5470143459566913e-06,2.5282739166803274e-07,1.954060817425364e-05,8.895603198269947e-06,0.00013082187240660118,5.4511314781799836e-05,0.0002817207800203232,6.533649773739607e-05,0.000595925731956923,0.0001158282986409066,0.012919209670820407,0.00011072044078641457,3.869245861481602e-05,0.0003668898316029865
H15_mean,147,0,0.00010240760106344352,2.9381347196992487e-06,0.00011308329110645497,0.004563746852454121,-0.0002509713077824017,3.834926109991045e-05,0.0027660272517936583,-2.4786202639841884e-09,2.2505562342734146e-06,8.416362184694163e-08,1.2854887747115036e-06,4.321362745593301e-06,1.5041252955655983e-07,2.79791045575906e-05,1.0354206701966666e-05,0.00013290130970593065,5.035735327398861e-05,0.0002418668068231014,4.835408713014877e-05,0.0004204843049797144,7.918973684999022e-05,0.01050583091906714,7.231940350757476e-05,7.758777843612495e-05,0.00022562094657494812
H15_mean,148,0,0.00015407322318558938,1.4406057702141591e-06,6.613821978742148e-05,0.005143363192038146,-0.0003569518913815919,1.885236242651063e-05,0.003464854606568117,1.0889781622258061e-07,2.104274336715624e-06,1.2497548499733077e-07,1.4469621379568e-06,3.2802274723583988e-06,2.78607002837273e-07,2.6322684410129532e-05,1.0969910791901677e-05,0.00015087390923404693,6.176810485555617e-05,0.00031940517926469286,6.912156363908667e-05,0.0006484494955068112,0.00012138317421328689,0.01196582262028153,0.000115344208318203,6.042650881024776e-05,0.00036512397173218655
H15_mean,149,0,0.00019174192593899973,2.1965903629908974e-05,0.00038324239279673654,0.005653275148293275,0.0002502336522364211,2.426164176069766e-05,0.0040434330420661534,1.311446388762244e-06,8.04553917594828e-06,1.4417599230419445e-06,9.643660497431014e-06,7.815252934693329e-06,8.404403221674867e-07,3.49664747686038e-05,1.3480221051970155e-05,0.0001869763807155133,7.067353155860611e-05,0.00035908906359308326,7.981459559140433e-05,0.0007189746805851023,0.00013411479617321618,0.012261087682601451,0.00011489374354904899,6.715235183463826e-05,0.00040775133806721537
H15_mean,150,0,0.00013990549707268427,3.101623572478269e-05,0.0002944636837293743,0.005252159465969342,0.00021905111061859087,6.299740975449321e-05,0.0037025031848849387,1.7645062146635231e-06,9.411330533416921e-06,1.6130285491796563e-06,1.1861217961859386e-05,1.0872216105121989e-05,9.403316538321261e-07,4.379886385774561e-05,1.4461213987176493e-05,0.00017815741330675682,6.494866876187162e-05,0.00030694700036115714,6.493199736214019e-05,0.0005573175255565192,0.00010643906149691707,0.010382045356348743,0.00011102015968323212,0.0001190425094205444,0.00037549888769678017
H15_mean,151,0,9.337276025249687e-05,3.426051414358706e-06,0.00018385051563846226,0.005714484216139242,4.6363795918423586e-05,2.5573125789534426e-05,0.004203069728468613,-2.6427329622657465e-09,2.511380782171902e-06,1.591088558466151e-07,3.232052605253207e-06,7.451945552413287e-06,1.7597621943746693e-07,4.761706829095606e-05,1.7225701592885844e-05,0.00021038807333919736,7.807604176564392e-05,0.00036461375126220383,7.172157844663085e-05,0.000615870519585496,0.0001132624230692707,0.010751630265079646,0.00010486047041470913,0.00013186494842603924,0.0003372775365890076
H15_mean,152,0,0.00018071486591892167,0.0002268184558770527,0.0003366976837565283,0.0033078935396423487,0.0002202457734925655,3.208843020787066e-05,0.002607484093304295,7.292703032533949e-07,2.9057628368693016e-05,6.19432512470123e-07,4.090442174707402e-06,5.919028642856095e-06,7.023783253448684e-07,2.8680143513904787e-05,9.943366774634638e-06,0.00012375421706214247,4.554562495218661e-05,0.0002221491404413008,4.797535830111092e-05,0.00043708597409670383,8.403650256762885e-05,0.012132134090562253,0.000134825243271127,0.0002456060337601162,0.00041274126924370475
H15_mean,153,0,0.000208623178787216,2.7134294584464673e-07,6.844032043893716e-05,0.008364109533861764,2.4914679846950934e-05,1.2952555923222386e-05,0.005140009229214586,5.565553941352542e-08,1.6233574702241426e-06,1.0599999864413792e-07,1.5220223555559478e-06,4.372470949625852e-06,1.5367844572898494e-07,3.523509226840967e-05,1.5030414240757381e-05,0.00022283773660172296,9.128426740904284e-05,0.00046883521862266106,0.00010501127884027586,0.0009605476443813457,0.00018347039684849477,0.011792634431980833,0.0001479050244385821,5.6537617686971305e-05,0.0004669826529149678
H15_mean,154,0,0.0002534958347416402,1.6998384090099236e-05,9.212979826394182e-05,0.00651092128485792,1.1316097128769012e-06,1.6880177701054203e-05,0.004059333163963019,1.3398829580652808e-07,1.7538511303876266e-06,1.4876034606775658e-07,1.3166739170545917e-06,3.2244911272058518e-06,1.2551022944104786e-07,2.6618810778404865e-05,1.1825502235654186e-05,0.00017353183615578626,7.227086269917604e-05,0.00037618817649645895,8.233354122712625e-05,0.0007484704441704671,0.00014726451529792646,0.012170404288575186,0.00014946420530128005,5.454421024301124e-05,0.0004748604991656364
H15_mean,155,0,0.0002544161329336773,3.3355480826072136e-06,3.88068647481652e-05,0.00799734762905919,-1.4357819008745298e-06,1.2830186601584605e-05,0.0050304335864491435,6.840739383086216e-09,2.0416806622147947e-06,5.4933252364758666e-08,7.851479023546733e-07,3.95579102725861e-06,2.0783692015129328e-07,3.4857511593995535e-05,1.5372109116320933e-05,0.00022547900653212792,9.004759288747653e-05,0.0004644181124368861,0.00010213411227577178,0.000913583670696836,0.0001734630433242792,0.011889928144014782,0.00021933119691548348,8.413841536948487e-05,0.0006922020810195114
H15_mean,157,0,0.00021174364429596792,1.4208815447699723e-05,9.671635733494436e-05,0.007272542048765616,-0.00018615874714982773,2.0725186965759476e-05,0.004441814443586363,1.82651430712666e-07,1.747520906537148e-06,1.2421862175741806e-07,1.1350542019586225e-06,3.728626366199898e-06,1.002964166734157e-07,3.0101918017759357e-05,1.334952390004343e-05,0.00019666184120768765,7.86395234349852e-05,0.0004074264752355475,8.876698790335427e-05,0.0007956142456397811,0.0001561034069560565,0.011857606641066793,0.00011908816815515906,5.1496985582948326e-05,0.0003780626203296692
H15_se,117,0,1.2181709117828107e-05,1.641278182969096e-05,4.470997293834072e-05,0.00023824339406788535,0.0001612340008893289,3.1094320599080665e-06,0.00011240823482840019,1.6883530515134343e-08,2.553340737773242e-07,2.389815391519468e-08,1.0240343525905441e-07,3.124241556362479e-07,2.7813180488830036e-08,1.0530248726483003e-06,4.2618240881236465e-07,8.793323498378816e-06,3.68037295171499e-06,1.15593366330672e-05,3.7391783898586707e-06,3.9543799707198477e-05,5.341723891472638e-06,0.0001583542925920108,3.1566665697552387e-06,6.227460931715948e-07,1.2026615812056994e-05
H15_se,119,0,1.2181623581996557e-05,1.6052834822331705e-06,5.778700068601682e-06,0.00017601474377594873,0.00012444091308625734,2.19683391666922e-06,6.483819873167622e-05,1.825919176625021e-08,1.6121150825860262e-07,2.5015363108008678e-08,2.547577313904478e-07,2.1969336414409198e-07,2.433140872561345e-08,8.63183344052838e-07,3.2513551680291e-07,4.055862199096505e-06,1.5591996503939834e-06,6.957549854343792e-06,1.8322832818398512e-06,1.7207939691287486e-05,2.71752345271403e-06,0.00011396961931219492,1.8550245223946393e-06,5.263580757023175e-07,5.594447639376449e-06
H15_se,120,0,2.6882511991209626e-05,3.3598962469034038e-06,5.360504567651376e-05,0.0003377322698770942,0.00021700142818855807,1.8793653267814953e-05,0.0001566324158617091,5.3689677505453934e-08,1.0625519368843426e-06,7.620391038151405e-08,1.1760670631686427e-06,1.2733659567717452e-06,1.728894506553878e-07,2.3630011660708093e-06,9.417572759207655e-07,1.4539221578845388e-05,4.774626137275725e-06,1.1786905353083102e-05,4.447970738334055e-06,3.656797843328509e-05,9.106278598565486e-06,0.00023457798950172714,3.0173485649352187e-06,1.4670801282367434e-06,9.352057365445772e-06
H15_se,121,0,7.81583231819114e-06,4.9402715840621665e-06,1.5796150432833046e-05,9.317918200149852e-05,0.00018149994810304402,3.8329877670808025e-06,5.111588520859791e-05,1.1430772810996155e-07,4.797273364936908e-07,9.497992176623236e-08,5.890367235704116e-07,5.882700706514041e-07,6.034830890972151e-08,1.3279143036078382e-06,4.55829584744502e-07,4.340205812020558e-06,1.529864504421758e-06,4.800648659528335e-06,1.1883087601502714e-06,8.8506102836195e-06,2.0059056131701745e-06,0.00010451596114352131,9.8964303589246e-07,8.195325970420932e-07,3.6339288837391687e-06
H15_se,126,0,,,,,,,,,,,,,,,,,,,,,,,,,
H15_se,Temora-5,0,2.4214628711437632e-06,7.896440892111137e-07,1.318794386134486e-06,1.8630491284449482e-05,0.00010360178844704859,2.1356256378754052e-06,3.552198358800357e-05,4.43961580933991e-09,1.3625279705520598e-07,1.843821312267037e-08,1.3782578264959368e-07,1.64591867074469e-07,4.8476958587068806e-08,3.7684476735129957e-07,1.5377887985722196e-07,1.5756316842285009e-06,7.022841454268175e-07,3.2942169318748883e-06,6.538825181612769e-07,6.143730580119159e-06,1.4519562692648192e-06,8.858932772529131e-05,5.998386222859347e-07,8.132937596918102e-07,1.840027784489512e-06
H15_se,127,0,5.522600137212041e-06,1.1683156507247232e-06,3.3039188891756967e-06,7.702431619641614e-05,0.00011397533071285285,2.5295653343658057e-06,8.816391652020613e-05,2.212068489073286e-09,1.128454052659235e-07,1.2210923980997372e-08,1.2609331933187498e-07,2.523775449751969e-07,2.176772106336425e-08,9.513169883863858e-07,3.587694249612463e-07,5.027140358773328e-06,1.6539155744347461e-06,7.809934482996671e-06,1.7404495211379426e-06,1.7275314144838055e-05,2.1185411218274717e-06,8.792757408952901e-05,9.569147025270509e-07,1.5654465562835004e-06,5.965098847683119e-06
H15_se,128,0,4.425777735808724e-06,7.98194606849175e-07,3.3060955614093053e-06,0.00011924412653345766,9.77710862976249e-05,1.813739636321689e-06,0.00011457642540807495,3.789877193306497e-09,5.473686385922144e-07,8.126287569393527e-09,8.243079014179783e-08,1.9752736826549973e-07,2.0464511265141742e-08,7.465985567188728e-07,4.2331607627915174e-07,5.129664386101371e-06,2.0756944831220167e-06,1.1130233790020007e-05,2.183700509459966e-06,2.0897499141732165e-05,3.6778843482954162e-06,0.00014741874090075594,6.320710285595178e-07,1.6385042694621467e-06,3.7155211752272163e-06
H15_se,131,0,5.01311234537665e-06,1.072834468303604e-06,3.5687285611052777e-06,7.011489369285714e-05,0.00010038673176741139,1.713045672516252e-06,4.061126442008152e-05,3.0342939133617094e-11,9.55584822054868e-08,6.993921793262002e-09,9.1332486357442e-08,1.6410709354275817e-07,1.724778645111588e-08,5.190084520837559e-07,1.788909764522857e-07,2.1340845164587236e-06,9.286772412360644e-07,4.455711269567003e-06,1.2710159159930993e-06,1.0826247197310679e-05,1.9400717398492703e-06,0.0001200804105593987,1.24891689151054e-06,1.2769205798489523e-06,1.5324101316452571e-06
H15_se,134,0,5.460162378969683e-06,9.505197705609788e-07,3.392038247349572e-06,8.422645683419175e-05,0.00011942503315835473,1.982954784427734e-06,8.559585113818131e-05,5.003058829089503e-08,2.489116739142498e-07,5.0004746164938936e-08,2.1800118015573427e-07,2.3745595854470745e-07,3.4632599139618463e-08,7.252636087883348e-07,2.4929342082394897e-07,3.1321745739026955e-06,1.5237225444918853e-06,7.1639054912655345e-06,1.6215805078668558e-06,1.4714752860124987e-05,2.4805173051920382e-06,0.00010214901692483922,2.3744355641056423e-06,2.6842149058455077e-06,1.0004480735097324e-05
H15_se,135,0,4.4950787814846294e-06,1.1286180164834887e-06,4.124829260770793e-06,0.0002970225001169302,0.00013039026439222315,2.4025200390588525e-06,0.0002700514269836781,1.8013253605330118e-11,1.3040288683846798e-07,9.932981829783205e-09,1.1383666870218766e-07,4.203711977280647e-07,3.114629461218842e-08,2.2539891246693655e-06,1.0339152790410396e-06,1.229854788231547e-05,5.026149284539582e-06,2.205455067691653e-05,4.263122317367473e-06,3.714256208446236e-05,6.0619322711606874e-06,7.213723167378762e-05,9.471508952405494e-07,2.285956350810382e-06,2.5453517509675775e-06
H15_se,Temora-6,0,3.0269700487952904e-06,6.760186428254083e-07,1.7587579934129328e-06,1.6553006081664536e-05,8.299415186729248e-05,2.784833286263234e-06,2.5080560144666958e-05,5.003263490459279e-09,1.3241394986258589e-07,1.853339975301958e-08,1.709541868205765e-07,1.827954190181678e-07,6.234493982757684e-08,4.95900240245573e-07,1.5314855829113687e-07,1.609476048155808e-06,5.811524264730669e-07,2.1810917078648993e-06,4.961234683681905e-07,5.496116283362951e-06,7.797112161632724e-07,7.248548553976625e-05,2.8673172375436837e-07,7.142799846465377e-07,1.2766889084977938e-06
H15_se,139,0,6.7233667357857535e-06,1.3636891164618863e-06,5.561162435228121e-06,9.371821872515223e-05,0.00014466575285719757,2.351452966644606e-06,9.04366679845534e-05,5.591236276718381e-08,2.2113179629271209e-07,4.240890882728768e-08,2.555128736667993e-07,2.880634929854737e-07,4.023195568088809e-08,8.575080378769619e-07,3.557850312126767e-07,4.099753371533418e-06,1.690097517701809e-06,8.89780339512916e-06,2.2922563518630353e-06,2.093605058842845e-05,4.177289224410841e-06,0.00012259793025129763,2.2228639741571097e-06,8.346707668843558e-07,9.252096039521417e-06
H15_se,140,0,1.2789567463256227e-05,9.95332182127109e-07,7.016932516877169e-06,0.00018354051840564875,0.00010610787124814754,2.255993068205759e-06,0.00014359606247037817,4.136448617869443e-09,3.26403247942678e-07,2.8120467911543204e-08,3.808689507150256e-07,6.133903734909208e-07,4.3622851748870824e-08,3.0445056595770663e-06,8.260528249442197e-07,8.015307691920335e-06,2.9104552596893014e-06,1.234126520774281e-05,2.1666491974453345e-06,1.8855662251656615e-05,3.4525081753310117e-06,0.00028769401832241906,2.708282949993121e-06,1.4091981752286657e-05,8.758070541702428e-06
H15_se,141,0,1.1521926387586801e-05,1.8633193177376406e-06,7.702742217034796e-06,8.985255624679838e-05,0.00011557724220312403,1.8854838683378852e-06,0.0001378904452957435,4.358195629244525e-08,2.519885066680308e-07,5.696080541634006e-08,2.1718079271297575e-07,3.791727175703511e-07,3.123781940494026e-08,6.356260994664595e-07,4.6284248969200004e-07,4.33543214309306e-06,2.4107133728414682e-06,1.3728968726357518e-05,2.6662149383240513e-06,3.264003466499654e-05,4.878513175008377e-06,9.058309692978632e-05,3.6914620699376236e-06,1.2711175419479484e-06,2.1192006770048873e-05
H15_se,143,0,5.502276040019729e-06,5.197113569521891e-05,4.9830471614386354e-05,5.9284169115154427e-05,0.00019082928104064646,5.414664813330426e-06,3.644053387554471e-05,6.661801214939423e-08,4.258894741457689e-07,1.0166608426303242e-07,4.880115372443251e-07,5.551014926352767e-07,8.374302442168755e-08,8.484852721706087e-07,2.724501528934908e-07,2.7469280705115044e-06,8.172740828203719e-07,4.274424886293584e-06,9.382103733178563e-07,5.937465310135137e-06,1.1253074649385716e-06,0.00010467655515007725,1.0384551073034777e-06,1.7238076020420236e-06,3.952780202767477e-06
H15_se,144,0,1.3427419169409135e-05,1.6852811681183124e-06,7.903923656441773e-06,0.00011296789109970595,0.0001353673748576324,2.5620997818655766e-06,3.6950882554273034e-05,1.344361727545368e-08,1.630435983263419e-07,1.8282059201948937e-08,1.9907206776589844e-07,4.398355715755627e-07,2.6869709820115436e-08,1.8567150569877742e-06,4.683634662835279e-07,3.3164079928299672e-06,8.199606159969416e-07,3.935014359084481e-06,1.4267972603740867e-06,1.7518284931095493e-05,3.3348570581349505e-06,0.00022429377655873144,1.7013441120535975e-06,5.4654036236344306e-06,7.5314197451761205e-06
H15_se,146,0,1.0075295032457621e-05,3.805654741722635e-06,9.892252554436124e-06,5.473778818241257e-05,0.00013296042322547938,3.2660504688640514e-06,6.741211027176474e-05,1.8023396516949137e-08,2.698428993648154e-07,3.1839887246152406e-08,2.572884407883765e-07,3.12146273869036e-07,4.635506350791975e-08,6.033209341828168e-07,3.1308008561433827e-07,3.158912098785543e-06,1.1979688176544175e-06,5.774511490030246e-06,1.3151401752647705e-06,1.1637810679353197e-05,2.82772369347828e-06,0.00012764375049195229,1.814863212776878e-06,5.895319711377271e-07,6.860347662822651e-06
H15_se,147,0,3.758897281818249e-06,1.0265842362971928e-06,4.035130623247986e-06,4.957644129618936e-05,8.126176929209886e-05,2.476803763111959e-06,2.075673327877972e-05,4.5487217192939095e-11,9.375646047012967e-08,1.0107893528481697e-08,1.0020009145038773e-07,1.7047607276987825e-07,1.72955195154344e-08,4.6650043331763856e-07,1.5280331149898813e-07,1.4470210556459142e-06,3.728257381509574e-07,2.01193257245771e-06,5.308560633918252e-07,4.272133360060651e-06,6.824796713794544e-07,9.152624837755255e-05,4.3811347437034086e-07,4.7338737259203434e-07,2.4899214545608038e-06
H15_se,148,0,6.3805567053838714e-06,1.1677561379985516e-06,1.948220752167377e-06,0.0001093381147809754,7.278137498284555e-05,1.8379502616943514e-06,4.3057170647942145e-05,1.2857498259661124e-08,1.7911028722720185e-07,1.6988645571666192e-08,1.5783976974468376e-07,1.884473482440889e-07,3.5793436405386986e-08,7.45616853746269e-07,2.485625592684264e-07,2.417030181817038e-06,8.440235537385238e-07,5.222787645488506e-06,1.6675131392496331e-06,1.6935962170343077e-05,2.879812601180935e-06,0.00012932102381387788,1.4979096027668509e-06,3.0140030312838356e-06,8.398463336784826e-06
H15_se,149,0,1.343767259126449e-05,3.7508304239336057e-06,1.603543676038589e-05,0.0001324202617620184,0.0002204606318475104,5.395808203472175e-06,2.184594347193273e-05,1.2334131371967822e-07,5.764336533855698e-07,8.248838811068564e-08,1.0378452004297086e-06,7.53440952594686e-07,1.34612507299599e-07,8.984620348969433e-07,4.847307871930604e-07,2.5261989207607092e-06,1.1891664856448784e-06,3.5111136658293237e-06,2.218132056001739e-06,1.2835578712130466e-05,1.871063801582812e-06,0.0001487518609182642,2.1619645929257127e-06,4.410312998694209e-07,2.055842505776907e-06
H15_se,150,0,7.508564032740094e-06,3.7107621754339555e-06,5.035556330911004e-06,5.460588339331905e-05,0.00016090528668956676,3.683511187255601e-06,6.861729826854986e-05,7.564024555179859e-08,2.530954346681174e-07,7.768714646031591e-08,3.55770894496082e-07,3.5309526909605025e-07,5.909459133086021e-08,9.060428679307011e-07,2.6966732634237256e-07,3.0743875246051413e-06,1.0513478208980604e-06,5.78581487748706e-06,1.6334778654318548e-06,1.604288705809493e-05,2.7016969863462457e-06,0.00016619060168413845,2.2611836910730535e-06,1.148029424431234e-06,1.0884992887509285e-05
H15_se,151,0,4.376576143932338e-06,1.3551880310564885e-06,9.482508299222942e-06,0.00016346176816327848,0.00011588677246449571,3.0689176926976445e-06,7.974965106855553e-05,5.284457604224003e-11,1.0627687314683846e-07,1.9504483254761493e-08,1.9272807686218638e-07,2.6458198235659716e-07,2.301954491169508e-08,1.0467239914081923e-06,3.2799975826181735e-07,3.7491759368124956e-06,1.5307540803692366e-06,7.675840236631921e-06,1.2424635420180931e-06,1.120122466857369e-05,2.3952277402750026e-06,6.394961863205276e-05,1.8818155268900655e-06,1.6102484001516457e-06,4.83859692529947e-06
H15_se,152,0,7.961015552198457e-06,1.833955933360353e-05,2.028867042905554e-05,5.343547919121089e-05,0.0001967571788819847,3.6001184841576593e-06,2.7539071941698704e-05,7.842277744042297e-08,5.231963921383385e-07,8.584239701079935e-08,3.3888423558743655e-07,4.1537554861147594e-07,6.924359317159583e-08,6.608450151586554e-07,2.5504408813974254e-07,1.2115986702155244e-06,6.909833101804116e-07,3.1608354248214623e-06,9.508881478822324e-07,6.0730957740091925e-06,1.2137120642465762e-06,0.00015213856652783692,1.738752560908991e-06,2.8233538532060265e-06,5.071446236389135e-06
H15_se,153,0,6.091672956930525e-06,8.926905308521076e-07,5.599436333014435e-06,7.018264442859295e-05,0.00012349000188462134,1.7778979369429483e-06,4.62364321518795e-05,1.2905539347098849e-08,1.869514022751781e-07,1.908691041698227e-08,1.678305597479272e-07,2.544209250174062e-07,2.6297100811068434e-08,7.001750287667733e-07,2.6066226213389696e-07,2.569216839690757e-06,1.179784127413374e-06,5.832922506680963e-06,1.3485025278517747e-06,1.2408701832705512e-05,2.001411667813421e-06,9.1316698473061e-05,1.5949132599769569e-06,3.6897976013495754e-07,7.020911177306748e-06
H15_se,154,0,8.361488527545604e-06,2.1898600804433286e-06,4.486448347170532e-06,0.0001016915871658314,0.00011044401556608248,2.447949364360171e-06,4.937120532141043e-05,2.2272988964021892e-08,1.24563091380972e-07,1.9480487333343758e-08,1.3711085465788283e-07,1.6629469475877658e-07,1.8217756703699133e-08,5.833745267997848e-07,2.5095028238535666e-07,2.2778793830414137e-06,9.265417431734239e-07,4.6784761460325284e-06,9.118737695206649e-07,8.341962093432076e-06,1.8178592852580757e-06,0.00016085732981109167,1.413020812932586e-06,1.0311397569005338e-06,4.700211627877642e-06
H15_se,155,0,7.061758367612239e-06,9.46373615670553e-07,2.0308951556455626e-06,7.901910717724731e-05,0.00011552813422310544,1.610973473558548e-06,5.810698533708589e-05,2.5003831374461546e-09,8.265375111643139e-08,1.0794356028112309e-08,7.87282394340285e-08,2.343302915597228e-07,2.3350885558868926e-08,5.172058402106802e-07,1.9748780227070323e-07,2.622537498091612e-06,1.22990197750747e-06,6.574770260085897e-06,1.6030006090955618e-06,1.5880989623630626e-05,3.105254531328321e-06,8.922288565069573e-05,2.6646540441494236e-06,1.2098932686927586e-06,4.598840098192768e-06
H15_se,157,0,7.442442279744099e-06,1.654057405327098e-06,4.129929456445531e-06,0.000115087506044161,9.207753496551514e-05,2.2002617047486458e-06,0.00010980056913494894,2.1744142605103703e-08,1.2060838170265777e-07,1.5461076398832024e-08,1.1340830163781861e-07,2.241495882287708e-07,1.453544138950497e-08,7.784340017745928e-07,3.6870781059239416e-07,5.052408983408282e-06,2.141056245867295e-06,1.0700962153428498e-05,2.4600982572102453e-06,2.3132679907317968e-05,4.223843614064893e-06,9.048810687431789e-05,2.4117698147419063e-06,1.1069575322908479e-06,1.1166939723003239e-05
